frame_no,timestamp,size_px-darkorange,position_px_x-darkorange,position_px_y-darkorange,rx-darkorange,ry-darkorange,vx-darkorange,vy-darkorange,ax-darkorange,ay-darkorange,size_px-green,position_px_x-green,position_px_y-green,rx-green,ry-green,vx-green,vy-green,ax-green,ay-green,size_px-hotpink,position_px_x-hotpink,position_px_y-hotpink,rx-hotpink,ry-hotpink,vx-hotpink,vy-hotpink,ax-hotpink,ay-hotpink,size_px-lightorange,position_px_x-lightorange,position_px_y-lightorange,rx-lightorange,ry-lightorange,vx-lightorange,vy-lightorange,ax-lightorange,ay-lightorange,size_px-yellowneon,position_px_x-yellowneon,position_px_y-yellowneon,rx-yellowneon,ry-yellowneon,vx-yellowneon,vy-yellowneon,ax-yellowneon,ay-yellowneon
0,148.8,15,54,882,,,,,,,,,,,,,,,,16,1088,809,,,,,,,,,,,,,,,,12,814,872,,,,,,
1,148.8,14,54,882,,,,,,,7,1046,747,,,,,,,16,1089,808,,,,,,,,,,,,,,,,13,815,869,,,,,,
2,296.4,15,54,882,,,,,,,12,1046,741,,,,,,,16,1088,809,,,,,,,,,,,,,,,,12,813,869,,,,,,
3,325.3,15,54,882,,,,,,,13,1047,741,,,,,,,16,1087,810,,,,,,,,,,,,,,,,15,813,872,,,,,,
4,341.5,15,54,883,,,,,,,13,1047,741,,,,,,,16,1088,810,,,,,,,,,,,,,,,,15,813,872,,,,,,
5,357.3,15,54,883,,,,,,,13,1047,741,,,,,,,16,1088,810,,,,,,,,,,,,,,,,15,813,872,,,,,,
6,368.1,15,55,883,,,,,,,13,1047,741,,,,,,,16,1087,811,,,,,,,,,,,,,,,,15,813,873,,,,,,
7,379.2,15,54,883,,,,,,,13,1047,741,,,,,,,16,1087,811,,,,,,,,,,,,,,,,15,813,873,,,,,,
8,390.0,15,54,883,,,,,,,13,1047,741,,,,,,,16,1087,810,,,,,,,,,,,,,,,,15,813,872,,,,,,
9,402.5,15,55,882,,,,,,,13,1047,740,,,,,,,16,1088,810,,,,,,,,,,,,,,,,15,813,872,,,,,,
10,415.1,15,54,882,,,,,,,13,1047,740,,,,,,,16,1086,810,,,,,,,,,,,,,,,,15,813,872,,,,,,
11,425.2,15,54,882,,,,,,,13,1047,740,,,,,,,16,1087,810,,,,,,,,,,,,,,,,15,813,872,,,,,,
12,440.9,15,55,882,,,,,,,13,1047,740,,,,,,,16,1087,810,,,,,,,,,,,,,,,,15,813,872,,,,,,
13,495.8,15,54,882,,,,,,,13,1048,740,,,,,,,15,1087,810,,,,,,,,,,,,,,,,15,813,872,,,,,,
14,495.8,15,54,883,,,,,,,13,1047,740,,,,,,,16,1086,809,,,,,,,,,,,,,,,,15,813,872,,,,,,
15,510.0,15,54,883,,,,,,,13,1047,740,,,,,,,16,1086,808,,,,,,,,,,,,,,,,15,813,873,,,,,,
16,542.7,15,54,883,,,,,,,13,1047,739,,,,,,,16,1087,807,,,,,,,,,,,,,,,,15,813,872,,,,,,
17,578.5,15,54,883,,,,,,,13,1047,739,,,,,,,16,1087,807,,,,,,,,,,,,,,,,15,813,872,,,,,,
18,610.5,15,54,882,,,,,,,13,1046,738,,,,,,,16,1087,806,,,,,,,,,,,,,,,,15,813,872,,,,,,
19,642.1,15,54,882,,,,,,,13,1046,737,,,,,,,16,1087,805,,,,,,,,,,,,,,,,15,812,872,,,,,,
20,677.8,15,54,882,,,,,,,13,1046,737,,,,,,,16,1087,805,,,,,,,,,,,,,,,,15,813,872,,,,,,
21,710.2,15,55,882,,,,,,,13,1047,738,,,,,,,16,1087,805,,,,,,,,,,,,,,,,15,813,872,,,,,,
22,742.5,15,54,883,,,,,,,13,1046,738,,,,,,,16,1087,806,,,,,,,,,,,,,,,,15,813,872,,,,,,
23,778.5,15,54,883,,,,,,,13,1046,738,,,,,,,16,1086,806,,,,,,,,,,,,,,,,15,813,873,,,,,,
24,825.2,15,54,883,,,,,,,13,1047,739,,,,,,,16,1087,806,,,,,,,,,,,,,,,,15,813,872,,,,,,
25,843.6,15,55,883,,,,,,,13,1047,738,,,,,,,16,1087,807,,,,,,,,,,,,,,,,15,813,872,,,,,,
26,878.0,15,54,882,,,,,,,13,1046,738,,,,,,,16,1086,806,,,,,,,,,,,,,,,,15,813,872,,,,,,
27,910.5,15,54,882,,,,,,,13,1046,738,,,,,,,16,1086,807,,,,,,,,,,,,,,,,15,813,872,,,,,,
28,942.3,15,55,882,,,,,,,13,1047,739,,,,,,,16,1087,807,,,,,,,,,,,,,,,,15,813,872,,,,,,
29,979.9,15,54,882,,,,,,,13,1047,739,,,,,,,16,1088,807,,,,,,,,,,,,,,,,15,813,872,,,,,,
30,1010.1,15,54,882,,,,,,,13,1047,739,,,,,,,16,1087,809,,,,,,,,,,,,,,,,15,813,872,,,,,,
31,1042.3,15,54,883,,,,,,,13,1047,740,,,,,,,16,1087,810,,,,,,,,,,,,,,,,15,813,873,,,,,,
32,1080.2,15,54,883,,,,,,,13,1047,741,,,,,,,16,1087,811,,,,,,,,,,,,,,,,15,813,872,,,,,,
33,1110.3,15,55,883,,,,,,,13,1047,741,,,,,,,16,1088,811,,,,,,,,,,,,,,,,15,813,873,,,,,,
34,1148.1,15,54,883,,,,,,,13,1047,741,,,,,,,16,1087,811,,,,,,,,,,,,,,,,15,813,872,,,,,,
35,1184.1,15,54,883,,,,,,,13,1047,741,,,,,,,16,1087,811,,,,,,,,,,,,,,,,15,813,872,,,,,,
36,1210.3,15,54,882,,,,,,,13,1047,740,,,,,,,16,1087,811,,,,,,,,,,,,,,,,15,813,872,,,,,,
37,1242.0,15,54,882,,,,,,,13,1047,741,,,,,,,16,1087,811,,,,,,,,,,,,,,,,15,813,872,,,,,,
38,1278.1,15,54,882,,,,,,,13,1047,741,,,,,,,15,1087,811,,,,,,,,,,,,,,,,15,813,872,,,,,,
39,1312.1,15,54,882,,,,,,,13,1047,741,,,,,,,16,1087,812,,,,,,,,,,,,,,,,15,813,872,,,,,,
40,1352.0,15,54,883,,,,,,,13,1047,741,,,,,,,16,1087,812,,,,,,,,,,,,,,,,15,813,872,,,,,,
41,1377.9,15,54,883,,,,,,,13,1047,741,,,,,,,16,1088,813,,,,,,,,,,,,,,,,15,813,873,,,,,,
42,1410.7,15,54,883,,,,,,,13,1047,741,,,,,,,16,1087,813,,,,,,,,,,,,,,,,15,813,873,,,,,,
43,1441.9,15,54,883,,,,,,,13,1047,740,,,,,,,16,1087,811,,,,,,,,,,,,,,,,15,812,872,,,,,,
44,1477.8,15,54,882,,,,,,,13,1047,739,,,,,,,16,1087,811,,,,,,,,,,,,,,,,15,813,872,,,,,,
45,1512.1,15,54,882,,,,,,,13,1047,738,,,,,,,16,1087,810,,,,,,,,,,,,,,,,15,813,872,,,,,,
46,1543.6,15,54,882,,,,,,,13,1047,738,,,,,,,16,1087,809,,,,,,,,,,,,,,,,15,813,872,,,,,,
47,1580.4,15,54,882,,,,,,,13,1047,737,,,,,,,15,1087,809,,,,,,,,,,,,,,,,15,813,872,,,,,,
48,1609.9,15,54,882,,,,,,,13,1047,737,,,,,,,16,1087,808,,,,,,,,,,,,,,,,15,813,872,,,,,,
49,1642.6,15,54,882,,,,,,,13,1047,736,,,,,,,16,1087,808,,,,,,,,,,,,,,,,15,813,872,,,,,,
50,1677.9,15,54,883,,,,,,,13,1047,736,,,,,,,16,1087,808,,,,,,,,,,,,,,,,15,813,872,,,,,,
51,1715.9,15,54,883,,,,,,,13,1047,736,,,,,,,16,1087,808,,,,,,,,,,,,,,,,15,813,872,,,,,,
52,1742.1,15,54,883,,,,,,,13,1047,736,,,,,,,16,1087,808,,,,,,,,,,,,,,,,15,813,872,,,,,,
53,1778.3,15,54,882,,,,,,,13,1047,735,,,,,,,16,1087,807,,,,,,,,,,,,,,,,15,813,872,,,,,,
54,1810.3,15,55,882,,,,,,,13,1047,734,,,,,,,15,1087,806,,,,,,,,,,,,,,,,15,814,872,,,,,,
55,1854.1,15,55,882,,,,,,,13,1047,734,,,,,,,16,1087,805,,,,,,,,,,,,,,,,15,813,872,,,,,,
56,1877.9,15,54,882,,,,,,,13,1046,733,,,,,,,16,1086,804,,,,,,,,,,,,,,,,15,812,872,,,,,,
57,1910.7,15,55,882,,,,,,,13,1046,732,,,,,,,16,1086,804,,,,,,,,,,,,,,,,15,813,872,,,,,,
58,1944.7,15,54,882,,,,,,,13,1047,731,,,,,,,16,1087,803,,,,,,,,,,,,,,,,15,813,872,,,,,,
59,1977.8,15,54,883,,,,,,,13,1046,731,,,,,,,16,1086,803,,,,,,,,,,,,,,,,15,813,872,,,,,,
60,2010.1,15,54,883,,,,,,,13,1046,731,,,,,,,16,1086,802,,,,,,,,,,,,,,,,15,813,872,,,,,,
61,2042.2,15,55,883,,,,,,,13,1046,731,,,,,,,16,1087,804,,,,,,,,,,,,,,,,15,813,872,,,,,,
62,2082.8,15,55,883,,,,,,,13,1046,731,,,,,,,16,1087,804,,,,,,,,,,,,,,,,15,814,872,,,,,,
63,2118.1,15,55,882,,,,,,,13,1046,731,,,,,,,16,1086,804,,,,,,,,,,,,,,,,15,813,872,,,,,,
64,2144.4,15,55,882,,,,,,,13,1046,731,,,,,,,16,1086,803,,,,,,,,,,,,,,,,15,814,872,,,,,,
65,2178.3,15,55,882,,,,,,,13,1046,730,,,,,,,16,1086,802,,,,,,,,,,,,,,,,15,813,872,,,,,,
66,2210.4,15,55,882,,,,,,,13,1046,728,,,,,,,16,1086,800,,,,,,,,,,,,,,,,15,813,872,,,,,,
67,2242.6,15,55,882,,,,,,,13,1046,726,,,,,,,16,1086,796,,,,,,,,,,,,,,,,15,813,872,,,,,,
68,2278.0,15,54,883,,,,,,,13,1045,723,,,,,,,16,1086,794,,,,,,,,,,,,,,,,15,813,872,,,,,,
69,2309.9,15,54,883,,,,,,,13,1044,721,,,,,,,16,1085,791,,,,,,,,,,,,,,,,15,813,872,,,,,,
70,2347.6,15,55,883,,,,,,,13,1044,719,,,,,,,16,1085,789,,,,,,,,,,,,,,,,15,813,872,,,,,,
71,2381.5,15,54,883,,,,,,,13,1044,717,,,,,,,16,1085,786,,,,,,,,,,,,,,,,15,813,872,,,,,,
72,2410.2,15,54,883,,,,,,,13,1043,715,,,,,,,16,1085,784,,,,,,,,,,,,,,,,15,813,872,,,,,,
73,2443.7,15,55,882,,,,,,,13,1043,714,,,,,,,16,1085,783,,,,,,,,,,,,,,,,15,813,871,,,,,,
74,2479.9,15,55,883,,,,,,,13,1043,714,,,,,,,16,1085,782,,,,,,,,,,,,,,,,15,813,872,,,,,,
75,2510.6,15,54,883,,,,,,,13,1043,712,,,,,,,16,1085,781,,,,,,,,,,,,,,,,15,813,872,,,,,,
76,2542.0,15,55,883,,,,,,,13,1043,711,,,,,,,16,1085,778,,,,,,,,,,,,,,,,15,813,871,,,,,,
77,2578.2,15,54,883,,,,,,,13,1042,709,,,,,,,16,1084,777,,,,,,,,,,,,,,,,15,813,872,,,,,,
78,2609.8,15,55,883,,,,,,,13,1042,708,,,,,,,16,1085,775,,,,,,,,,,,,,,,,15,813,872,,,,,,
79,2642.3,15,55,883,,,,,,,13,1042,706,,,,,,,16,1084,774,,,,,,,,,,,,,,,,15,813,872,,,,,,
80,2678.1,15,55,883,,,,,,,13,1042,705,,,,,,,16,1084,772,,,,,,,,,,,,,,,,15,813,872,,,,,,
81,2710.4,15,55,883,,,,,,,13,1041,703,,,,,,,16,1084,770,,,,,,,,,,,,,,,,15,813,872,,,,,,
82,2742.0,15,55,883,,,,,,,13,1041,701,,,,,,,16,1084,769,,,,,,,,,,,,,,,,15,814,872,,,,,,
83,2777.8,15,55,883,,,,,,,13,1041,700,,,,,,,16,1084,767,,,,,,,,,,,,,,,,15,813,871,,,,,,
84,2812.4,15,55,883,,,,,,,13,1041,698,,,,,,,16,1083,765,,,,,,,,,,,,,,,,15,814,872,,,,,,
85,2842.6,15,55,883,,,,,,,13,1040,696,,,,,,,16,1083,762,,,,,,,,,,,,,,,,15,814,872,,,,,,
86,2877.6,15,55,883,,,,,,,13,1040,694,,,,,,,16,1083,760,,,,,,,,,,,,,,,,15,813,872,,,,,,
87,2910.6,15,55,883,,,,,,,13,1040,692,,,,,,,16,1083,757,,,,,,,,,,,,,,,,15,814,872,,,,,,
88,2942.8,15,55,883,,,,,,,13,1039,690,,,,,,,16,1082,754,,,,,,,,,,,,,,,,15,814,872,,,,,,
89,2978.9,15,55,883,,,,,,,13,1038,687,,,,,,,15,1081,752,,,,,,,,,,,,,,,,15,813,872,,,,,,
90,3010.0,15,55,883,,,,,,,13,1038,685,,,,,,,16,1081,750,,,,,,,,,,,,,,,,15,813,872,,,,,,
91,3042.4,15,55,883,,,,,,,13,1038,683,,,,,,,16,1081,747,,,,,,,,,,,,,,,,15,814,872,,,,,,
92,3077.8,15,55,883,,,,,,,13,1037,680,,,,,,,15,1080,745,,,,,,,,,,,,,,,,15,814,871,,,,,,
93,3110.3,15,55,883,,,,,,,13,1036,678,,,,,,,15,1079,741,,,,,,,,,,,,,,,,15,813,871,,,,,,
94,3142.1,15,55,883,,,,,,,13,1036,676,,,,,,,15,1079,739,,,,,,,,,,,,,,,,15,813,872,,,,,,
95,3177.8,15,55,883,,,,,,,13,1035,673,,,,,,,15,1079,736,,,,,,,,,,,,,,,,15,814,872,,,,,,
96,3210.1,15,55,883,,,,,,,13,1035,671,,,,,,,16,1078,735,,,,,,,,,,,,,,,,15,814,872,,,,,,
97,3245.6,15,55,883,,,,,,,13,1034,669,,,,,,,16,1078,732,,,,,,,,,,,,,,,,15,814,872,,,,,,
98,3278.1,15,55,883,,,,,,,13,1034,667,,,,,,,16,1077,730,,,,,,,,,,,,,,,,15,814,872,,,,,,
99,3310.3,15,55,883,,,,,,,13,1034,665,,,,,,,16,1077,727,,,,,,,,,,,,,,,,15,814,872,,,,,,
100,3342.5,15,55,883,,,,,,,13,1033,663,,,,,,,16,1077,725,,,,,,,,,,,,,,,,15,814,872,,,,,,
101,3378.3,15,55,883,,,,,,,13,1033,661,,,,,,,16,1076,722,,,,,,,,,,,,,,,,15,814,872,,,,,,
102,3410.2,15,55,883,,,,,,,13,1032,659,,,,,,,16,1076,720,,,,,,,,,,,,,,,,15,814,872,,,,,,
103,3442.8,15,55,883,,,,,,,13,1032,658,,,,,,,16,1076,718,,,,,,,,,,,,,,,,15,814,872,,,,,,
104,3477.9,15,55,883,,,,,,,13,1031,656,,,,,,,16,1075,717,,,,,,,,,,,,,,,,15,814,871,,,,,,
105,3510.0,15,55,883,,,,,,,13,1031,655,,,,,,,15,1075,716,,,,,,,,,,,,,,,,15,814,872,,,,,,
106,3543.3,15,55,883,,,,,,,13,1030,653,,,,,,,15,1074,714,,,,,,,,,,,,,,,,15,813,872,,,,,,
107,3577.9,15,55,883,,,,,,,13,1030,650,,,,,,,15,1074,711,,,,,,,,,,,,,,,,15,814,872,,,,,,
108,3610.3,15,55,883,,,,,,,13,1030,648,,,,,,,15,1074,709,,,,,,,,,,,,,,,,15,814,872,,,,,,
109,3641.9,15,55,883,,,,,,,13,1029,645,,,,,,,15,1073,705,,,,,,,,,,,,,,,,15,814,872,,,,,,
110,3678.0,15,54,883,,,,,,,13,1028,643,,,,,,,16,1072,704,,,,,,,,,,,,,,,,15,813,871,,,,,,
111,3710.6,15,55,883,,,,,,,13,1028,641,,,,,,,16,1072,701,,,,,,,,,,,,,,,,15,814,871,,,,,,
112,3742.2,15,55,883,,,,,,,13,1027,639,,,,,,,15,1072,699,,,,,,,,,,,,,,,,15,814,871,,,,,,
113,3777.8,15,55,883,,,,,,,13,1026,637,,,,,,,15,1071,697,,,,,,,,,,,,,,,,15,814,872,,,,,,
114,3810.3,15,55,883,,,,,,,13,1026,634,,,,,,,16,1070,693,,,,,,,,,,,,,,,,15,814,872,,,,,,
115,3842.4,15,55,883,,,,,,,13,1025,632,,,,,,,15,1070,691,,,,,,,,,,,,,,,,15,814,872,,,,,,
116,3878.0,15,55,883,,,,,,,13,1025,629,,,,,,,16,1069,688,,,,,,,,,,,,,,,,15,814,872,,,,,,
117,3910.1,15,55,883,,,,,,,13,1024,627,,,,,,,15,1069,685,,,,,,,,,,,,,,,,15,813,872,,,,,,
118,3942.5,15,55,883,,,,,,,13,1023,624,,,,,,,15,1068,682,,,,,,,,,,,,,,,,15,814,872,,,,,,
119,3978.1,15,55,883,,,,,,,13,1023,622,,,,,,,16,1067,679,,,,,,,,,,,,,,,,15,813,871,,,,,,
120,4010.4,15,55,883,,,,,,,13,1022,620,,,,,,,15,1067,678,,,,,,,,,,,,,,,,15,814,871,,,,,,
121,4043.0,15,55,883,,,,,,,13,1022,618,,,,,,,15,1066,675,,,,,,,,,,,,,,,,15,814,872,,,,,,
122,4078.1,15,55,883,,,,,,,13,1021,617,,,,,,,15,1066,673,,,,,,,,,,,,,,,,15,813,872,,,,,,
123,4110.4,15,55,884,,,,,,,13,1020,615,,,,,,,16,1065,672,,,,,,,,,,,,,,,,15,814,872,,,,,,
124,4142.7,15,55,883,,,,,,,13,1020,613,,,,,,,16,1065,670,,,,,,,,,,,,,,,,15,814,872,,,,,,
125,4178.1,15,55,883,,,,,,,13,1020,612,,,,,,,16,1064,668,,,,,,,,,,,,,,,,15,814,872,,,,,,
126,4213.0,15,55,883,,,,,,,13,1019,610,,,,,,,16,1064,666,,,,,,,,,,,,,,,,15,814,872,,,,,,
127,4242.5,15,55,883,,,,,,,13,1018,609,,,,,,,15,1064,665,,,,,,,,,,,,,,,,15,814,872,,,,,,
128,4281.3,15,55,883,,,,,,,13,1019,608,,,,,,,15,1064,664,,,,,,,,,,,,,,,,15,814,872,,,,,,
129,4310.3,15,55,883,,,,,,,13,1018,607,,,,,,,16,1063,663,,,,,,,,,,,,,,,,15,814,872,,,,,,
130,4342.4,15,55,883,,,,,,,13,1018,606,,,,,,,15,1063,662,,,,,,,,,,,,,,,,15,814,872,,,,,,
131,4377.9,15,55,883,,,,,,,13,1017,605,,,,,,,15,1062,661,,,,,,,,,,,,,,,,15,813,872,,,,,,
132,4410.2,15,55,883,,,,,,,13,1017,603,,,,,,,15,1062,658,,,,,,,,,,,,,,,,15,814,872,,,,,,
133,4442.5,15,55,883,,,,,,,13,1017,602,,,,,,,15,1062,659,,,,,,,,,,,,,,,,15,814,871,,,,,,
134,4477.8,15,55,883,,,,,,,13,1016,601,,,,,,,15,1061,656,,,,,,,,,,,,,,,,15,813,872,,,,,,
135,4520.2,15,55,883,,,,,,,13,1016,600,,,,,,,15,1061,656,,,,,,,,,,,,,,,,15,814,872,,,,,,
136,4542.5,15,55,883,,,,,,,13,1016,599,,,,,,,15,1061,654,,,,,,,,,,,,,,,,15,814,872,,,,,,
137,4578.2,15,55,883,,,,,,,13,1016,598,,,,,,,15,1061,653,,,,,,,,,,,,,,,,15,814,872,,,,,,
138,4610.3,15,54,883,,,,,,,13,1015,597,,,,,,,15,1060,652,,,,,,,,,,,,,,,,15,813,871,,,,,,
139,4642.5,15,55,883,,,,,,,13,1015,596,,,,,,,15,1060,652,,,,,,,,,,,,,,,,15,813,871,,,,,,
140,4678.0,15,55,883,,,,,,,13,1015,595,,,,,,,15,1060,650,,,,,,,,,,,,,,,,15,814,872,,,,,,
141,4710.3,15,55,883,,,,,,,13,1014,594,,,,,,,15,1060,649,,,,,,,,,,,,,,,,15,814,872,,,,,,
142,4742.6,15,55,883,,,,,,,13,1014,593,,,,,,,16,1059,647,,,,,,,,,,,,,,,,15,813,872,,,,,,
143,4778.0,15,55,884,,,,,,,13,1014,592,,,,,,,16,1058,646,,,,,,,,,,,,,,,,15,813,872,,,,,,
144,4810.3,15,55,883,,,,,,,13,1013,590,,,,,,,16,1058,644,,,,,,,,,,,,,,,,15,814,872,,,,,,
145,4843.5,15,55,883,,,,,,,13,1013,588,,,,,,,16,1058,642,,,,,,,,,,,,,,,,15,814,872,,,,,,
146,4878.0,15,55,883,,,,,,,13,1012,587,,,,,,,15,1057,641,,,,,,,,,,,,,,,,15,813,871,,,,,,
147,4910.5,15,54,883,,,,,,,13,1011,585,,,,,,,15,1056,638,,,,,,,,,,,,,,,,15,813,871,,,,,,
148,4942.1,15,55,883,,,,,,,13,1011,583,,,,,,,15,1056,637,,,,,,,,,,,,,,,,15,814,872,,,,,,
149,4979.2,15,55,883,,,,,,,13,1011,582,,,,,,,15,1056,634,,,,,,,,,,,,,,,,15,814,872,,,,,,
150,5011.7,15,55,883,,,,,,,13,1010,580,,,,,,,15,1055,633,,,,,,,,,,,,,,,,15,813,872,,,,,,
151,5044.2,15,55,883,,,,,,,13,1010,579,,,,,,,15,1055,632,,,,,,,,,,,,,,,,15,813,872,,,,,,
152,5079.7,15,55,883,,,,,,,13,1009,578,,,,,,,15,1055,630,,,,,,,,,,,,,,,,15,814,872,,,,,,
153,5112.1,15,55,883,,,,,,,13,1009,576,,,,,,,15,1054,629,,,,,,,,,,,,,,,,15,814,872,,,,,,
154,5143.2,15,55,883,,,,,,,13,1008,576,,,,,,,15,1054,628,,,,,,,,,,,,,,,,15,814,872,,,,,,
155,5178.2,15,55,883,,,,,,,13,1008,574,,,,,,,16,1053,627,,,,,,,,,,,,,,,,15,813,872,,,,,,
156,5212.0,15,55,883,,,,,,,13,1008,574,,,,,,,16,1053,625,,,,,,,,,,,,,,,,15,813,871,,,,,,
157,5242.6,15,55,883,,,,,,,13,1008,573,,,,,,,15,1053,625,,,,,,,,,,,,,,,,15,814,872,,,,,,
158,5278.6,15,55,883,,,,,,,13,1007,572,,,,,,,15,1053,623,,,,,,,,,,,,,,,,15,814,872,,,,,,
159,5310.6,15,55,883,,,,,,,13,1007,571,,,,,,,16,1052,622,,,,,,,,,,,,,,,,15,814,872,,,,,,
160,5342.4,15,55,883,,,,,,,13,1007,570,,,,,,,15,1052,620,,,,,,,,,,,,,,,,15,814,872,,,,,,
161,5383.0,15,55,883,,,,,,,13,1006,569,,,,,,,15,1052,620,,,,,,,,,,,,,,,,15,814,872,,,,,,
162,5412.1,15,55,883,,,,,,,13,1005,567,,,,,,,15,1051,618,,,,,,,,,,,,,,,,15,814,872,,,,,,
163,5444.4,15,54,883,,,,,,,13,1005,566,,,,,,,15,1051,616,,,,,,,,,,,,,,,,15,814,872,,,,,,
164,5477.9,15,55,883,,,,,,,13,1005,564,,,,,,,15,1050,615,,,,,,,,,,,,,,,,15,813,871,,,,,,
165,5510.3,15,55,883,,,,,,,13,1004,563,,,,,,,15,1050,613,,,,,,,,,,,,,,,,15,813,871,,,,,,
166,5548.1,15,55,883,,,,,,,13,1004,562,,,,,,,15,1049,611,,,,,,,,,,,,,,,,15,814,872,,,,,,
167,5578.1,15,55,883,,,,,,,13,1003,561,,,,,,,15,1049,610,,,,,,,,,,,,,,,,15,814,872,,,,,,
168,5610.3,15,55,883,,,,,,,13,1002,559,,,,,,,15,1048,608,,,,,,,,,,,,,,,,15,814,872,,,,,,
169,5642.1,15,55,883,,,,,,,13,1002,558,,,,,,,15,1048,609,,,,,,,,,,,,,,,,15,814,872,,,,,,
170,5677.8,15,55,883,,,,,,,13,1002,556,,,,,,,16,1047,607,,,,,,,,,,,,,,,,15,814,872,,,,,,
171,5710.6,15,55,883,,,,,,,13,1001,556,,,,,,,15,1047,606,,,,,,,,,,,,,,,,15,813,872,,,,,,
172,5742.2,15,55,883,,,,,,,13,1001,554,,,,,,,15,1046,604,,,,,,,,,,,,,,,,15,813,871,,,,,,
173,5778.2,15,55,883,,,,,,,13,1001,553,,,,,,,16,1046,602,,,,,,,,,,,,,,,,15,813,871,,,,,,
174,5810.1,15,55,883,,,,,,,13,1000,551,,,,,,,16,1046,600,,,,,,,,,,,,,,,,15,813,871,,,,,,
175,5842.5,15,55,883,,,,,,,13,1000,551,,,,,,,15,1045,599,,,,,,,,,,,,,,,,15,813,871,,,,,,
176,5878.3,15,55,883,,,,,,,13,999,550,,,,,,,15,1044,599,,,,,,,,,,,,,,,,15,814,872,,,,,,
177,5912.5,15,55,883,,,,,,,13,999,549,,,,,,,15,1045,598,,,,,,,,,,,,,,,,15,814,872,,,,,,
178,5942.9,15,55,883,,,,,,,13,999,549,,,,,,,15,1045,596,,,,,,,,,,,,,,,,15,814,871,,,,,,
179,5978.0,15,55,883,,,,,,,13,998,547,,,,,,,15,1044,595,,,,,,,,,,,,,,,,15,814,872,,,,,,
180,6011.1,15,55,883,,,,,,,13,998,546,,,,,,,15,1044,593,,,,,,,,,,,,,,,,15,814,872,,,,,,
181,6043.0,15,55,883,,,,,,,13,997,544,,,,,,,15,1043,592,,,,,,,,,,,,,,,,15,813,871,,,,,,
182,6078.1,15,55,883,,,,,,,13,996,543,,,,,,,15,1042,590,,,,,,,,,,,,,,,,15,813,871,,,,,,
183,6111.0,15,55,883,,,,,,,13,996,540,,,,,,,15,1041,589,,,,,,,,,,,,,,,,15,813,871,,,,,,
184,6143.7,15,55,883,,,,,,,13,995,539,,,,,,,15,1041,587,,,,,,,,,,,,,,,,15,813,871,,,,,,
185,6178.1,15,55,883,,,,,,,13,995,538,,,,,,,15,1040,585,,,,,,,,,,,,,,,,15,814,872,,,,,,
186,6212.1,15,55,883,,,,,,,13,994,536,,,,,,,15,1040,582,,,,,,,,,,,,,,,,15,814,872,,,,,,
187,6244.0,15,55,884,,,,,,,13,994,535,,,,,,,15,1039,581,,,,,,,,,,,,,,,,15,814,872,,,,,,
188,6278.2,15,55,883,,,,,,,13,993,534,,,,,,,15,1039,581,,,,,,,,,,,,,,,,15,814,872,,,,,,
189,6310.1,15,55,883,,,,,,,13,993,533,,,,,,,15,1039,579,,,,,,,,,,,,,,,,15,814,872,,,,,,
190,6342.2,15,55,883,,,,,,,13,993,532,,,,,,,15,1039,578,,,,,,,,,,,,,,,,15,813,871,,,,,,
191,6378.1,15,55,883,,,,,,,13,992,531,,,,,,,15,1038,578,,,,,,,,,,,,,,,,15,813,871,,,,,,
192,6410.5,15,55,883,,,,,,,13,992,530,,,,,,,15,1038,577,,,,,,,,,,,,,,,,15,813,871,,,,,,
193,6442.1,15,55,883,,,,,,,13,992,530,,,,,,,15,1037,576,,,,,,,,,,,,,,,,15,813,871,,,,,,
194,6478.0,15,55,883,,,,,,,13,991,529,,,,,,,15,1037,574,,,,,,,,,,,,,,,,15,814,871,,,,,,
195,6510.2,15,55,883,,,,,,,13,991,528,,,,,,,15,1037,574,,,,,,,,,,,,,,,,15,813,872,,,,,,
196,6542.3,15,55,883,,,,,,,13,990,527,,,,,,,15,1036,573,,,,,,,,,,,,,,,,15,813,872,,,,,,
197,6577.9,15,55,883,,,,,,,13,990,526,,,,,,,15,1036,571,,,,,,,,,,,,,,,,15,814,872,,,,,,
198,6610.6,15,55,883,,,,,,,13,989,523,,,,,,,15,1035,570,,,,,,,,,,,,,,,,15,814,872,,,,,,
199,6642.4,15,55,883,,,,,,,13,989,523,,,,,,,15,1035,567,,,,,,,,,,,,,,,,15,813,871,,,,,,
200,6678.2,15,55,883,,,,,,,13,988,521,,,,,,,15,1034,565,,,,,,,,,,,,,,,,15,813,871,,,,,,
201,6710.1,15,55,883,,,,,,,13,987,519,,,,,,,15,1033,563,,,,,,,,,,,,,,,,15,813,871,,,,,,
202,6742.7,15,55,883,,,,,,,13,987,518,,,,,,,15,1033,563,,,,,,,,,,,,,,,,15,813,871,,,,,,
203,6780.2,15,55,883,,,,,,,13,986,516,,,,,,,15,1032,561,,,,,,,,,,,,,,,,15,814,872,,,,,,
204,6810.2,15,55,883,,,,,,,13,986,515,,,,,,,15,1031,560,,,,,,,,,,,,,,,,15,814,872,,,,,,
205,6842.6,15,55,883,,,,,,,13,985,514,,,,,,,15,1031,557,,,,,,,,,,,,,,,,15,814,872,,,,,,
206,6877.9,15,55,883,,,,,,,13,985,513,,,,,,,15,1031,557,,,,,,,,,,,,,,,,15,814,872,,,,,,
207,6912.0,15,55,883,,,,,,,13,984,512,,,,,,,15,1030,555,,,,,,,,,,,,,,,,15,814,872,,,,,,
208,6942.8,15,55,883,,,,,,,13,984,511,,,,,,,15,1029,555,,,,,,,,,,,,,,,,15,813,871,,,,,,
209,6977.9,15,55,883,,,,,,,13,983,509,,,,,,,15,1029,553,,,,,,,,,,,,,,,,15,813,871,,,,,,
210,7010.1,15,55,883,,,,,,,13,983,508,,,,,,,15,1029,552,,,,,,,,,,,,,,,,15,814,872,,,,,,
211,7042.4,15,55,883,,,,,,,13,982,506,,,,,,,15,1028,551,,,,,,,,,,,,,,,,15,813,871,,,,,,
212,7078.3,15,55,883,,,,,,,13,982,506,,,,,,,15,1028,548,,,,,,,,,,,,,,,,15,813,871,,,,,,
213,7110.1,15,55,883,,,,,,,13,981,505,,,,,,,15,1027,547,,,,,,,,,,,,,,,,15,814,872,,,,,,
214,7142.3,15,55,883,,,,,,,13,981,504,,,,,,,15,1027,546,,,,,,,,,,,,,,,,15,814,872,,,,,,
215,7178.0,15,55,883,,,,,,,13,980,502,,,,,,,15,1026,545,,,,,,,,,,,,,,,,15,814,872,,,,,,
216,7210.1,15,55,883,,,,,,,13,980,501,,,,,,,15,1026,543,,,,,,,,,,,,,,,,15,814,872,,,,,,
217,7248.1,15,55,883,,,,,,,13,979,500,,,,,,,15,1026,542,,,,,,,,,,,,,,,,15,813,871,,,,,,
218,7278.1,15,55,883,,,,,,,13,979,499,,,,,,,15,1025,541,,,,,,,,,,,,,,,,15,813,871,,,,,,
219,7310.2,15,55,883,,,,,,,13,979,498,,,,,,,15,1025,541,,,,,,,,,,,,,,,,15,813,871,,,,,,
220,7342.2,15,55,883,,,,,,,13,978,497,,,,,,,15,1024,540,,,,,,,,,,,,,,,,15,813,871,,,,,,
221,7378.1,15,55,883,,,,,,,13,978,496,,,,,,,15,1023,538,,,,,,,,,,,,,,,,15,814,872,,,,,,
222,7410.6,15,55,883,,,,,,,13,977,495,,,,,,,15,1023,537,,,,,,,,,,,,,,,,15,814,872,,,,,,
223,7442.1,15,55,883,,,,,,,13,976,493,,,,,,,15,1023,534,,,,,,,,,,,,,,,,15,814,872,,,,,,
224,7477.9,15,55,884,,,,,,,13,975,491,,,,,,,15,1021,532,,,,,,,,,,,,,,,,15,814,872,,,,,,
225,7510.1,15,55,883,,,,,,,13,975,490,,,,,,,15,1021,532,,,,,,,,,,,,,,,,15,814,872,,,,,,
226,7542.1,15,55,883,,,,,,,13,974,488,,,,,,,15,1020,529,,,,,,,,,,,,,,,,15,813,871,,,,,,
227,7581.7,15,55,883,,,,,,,13,974,488,,,,,,,15,1020,527,,,,,,,,,,,,,,,,15,814,872,,,,,,
228,7611.0,15,55,883,,,,,,,13,973,486,,,,,,,15,1019,526,,,,,,,,,,,,,,,,15,813,871,,,,,,
229,7642.1,15,55,883,,,,,,,13,973,486,,,,,,,15,1018,526,,,,,,,,,,,,,,,,15,813,871,,,,,,
230,7677.7,15,55,883,,,,,,,13,972,484,,,,,,,15,1018,525,,,,,,,,,,,,,,,,15,814,871,,,,,,
231,7712.4,15,55,883,,,,,,,13,972,484,,,,,,,15,1018,525,,,,,,,,,,,,,,,,15,814,872,,,,,,
232,7743.5,15,55,883,,,,,,,13,972,483,,,,,,,15,1017,523,,,,,,,,,,,,,,,,15,814,872,,,,,,
233,7777.7,15,55,883,,,,,,,13,971,482,,,,,,,15,1017,522,,,,,,,,,,,,,,,,15,814,872,,,,,,
234,7812.1,15,55,883,,,,,,,13,971,481,,,,,,,15,1017,519,,,,,,,,,,,,,,,,15,814,872,,,,,,
235,7842.9,15,55,883,,,,,,,13,970,480,,,,,,,15,1016,519,,,,,,,,,,,,,,,,15,813,871,,,,,,
236,7878.5,15,55,883,,,,,,,13,969,478,,,,,,,15,1016,517,,,,,,,,,,,,,,,,15,813,871,,,,,,
237,7915.1,15,55,883,,,,,,,13,969,477,,,,,,,15,1014,517,,,,,,,,,,,,,,,,15,814,872,,,,,,
238,7942.1,15,55,883,,,,,,,13,968,476,,,,,,,15,1014,515,,,,,,,,,,,,,,,,15,813,871,,,,,,
239,7978.1,15,55,883,,,,,,,13,968,475,,,,,,,15,1014,514,,,,,,,,,,,,,,,,15,813,871,,,,,,
240,8010.0,15,55,883,,,,,,,13,967,474,,,,,,,15,1013,512,,,,,,,,,,,,,,,,15,814,872,,,,,,
241,8042.4,15,55,883,,,,,,,13,967,472,,,,,,,15,1012,512,,,,,,,,,,,,,,,,15,813,872,,,,,,
242,8082.9,15,55,884,,,,,,,13,966,471,,,,,,,15,1012,510,,,,,,,,,,,,,,,,15,814,872,,,,,,
243,8110.5,15,55,883,,,,,,,13,966,469,,,,,,,15,1011,508,,,,,,,,,,,,,,,,15,813,871,,,,,,
244,8142.8,15,55,883,,,,,,,13,965,468,,,,,,,15,1011,507,,,,,,,,,,,,,,,,15,813,871,,,,,,
245,8178.1,15,55,883,,,,,,,13,964,467,,,,,,,15,1010,505,,,,,,,,,,,,,,,,15,813,871,,,,,,
246,8209.9,15,55,883,,,,,,,13,964,466,,,,,,,15,1010,504,,,,,,,,,,,,,,,,15,813,871,,,,,,
247,8242.6,15,55,883,,,,,,,13,964,465,,,,,,,15,1009,503,,,,,,,,,,,,,,,,15,813,871,,,,,,
248,8278.2,15,55,883,,,,,,,13,963,465,,,,,,,15,1009,502,,,,,,,,,,,,,,,,15,814,871,,,,,,
249,8310.0,15,55,883,,,,,,,13,963,464,,,,,,,15,1009,502,,,,,,,,,,,,,,,,15,814,872,,,,,,
250,8342.1,15,55,883,,,,,,,13,963,463,,,,,,,15,1008,501,,,,,,,,,,,,,,,,15,814,872,,,,,,
251,8378.1,15,55,883,,,,,,,13,963,463,,,,,,,15,1008,501,,,,,,,,,,,,,,,,15,814,872,,,,,,
252,8409.9,15,55,883,,,,,,,13,962,462,,,,,,,15,1008,500,,,,,,,,,,,,,,,,15,814,872,,,,,,
253,8442.3,15,55,883,,,,,,,13,962,462,,,,,,,15,1008,500,,,,,,,,,,,,,,,,15,813,871,,,,,,
254,8479.5,15,55,883,,,,,,,13,961,461,,,,,,,15,1007,498,,,,,,,,,,,,,,,,15,814,872,,,,,,
255,8510.3,15,55,883,,,,,,,13,961,460,,,,,,,15,1007,497,,,,,,,,,,,,,,,,15,814,872,,,,,,
256,8542.6,15,55,883,,,,,,,13,960,459,,,,,,,15,1006,496,,,,,,,,,,,,,,,,15,813,871,,,,,,
257,8577.9,15,55,883,,,,,,,13,960,459,,,,,,,15,1006,496,,,,,,,,,,,,,,,,15,813,871,,,,,,
258,8610.1,15,55,883,,,,,,,13,960,458,,,,,,,15,1005,495,,,,,,,,,,,,,,,,15,814,872,,,,,,
259,8642.4,15,55,883,,,,,,,13,960,457,,,,,,,15,1005,495,,,,,,,,,,,,,,,,15,814,872,,,,,,
260,8678.2,15,55,883,,,,,,,13,959,457,,,,,,,15,1005,494,,,,,,,,,,,,,,,,15,814,872,,,,,,
261,8710.2,15,55,883,,,,,,,13,959,455,,,,,,,15,1005,492,,,,,,,,,,,,,,,,15,814,872,,,,,,
262,8742.4,15,55,883,,,,,,,13,958,454,,,,,,,15,1004,492,,,,,,,,,,,,,,,,15,813,871,,,,,,
263,8777.7,15,55,883,,,,,,,13,957,453,,,,,,,15,1003,489,,,,,,,,,,,,,,,,15,814,871,,,,,,
264,8810.0,15,55,883,,,,,,,13,957,452,,,,,,,15,1003,488,,,,,,,,,,,,,,,,15,813,871,,,,,,
265,8843.2,15,55,883,,,,,,,13,957,451,,,,,,,15,1002,487,,,,,,,,,,,,,,,,15,813,871,,,,,,
266,8880.1,15,55,883,,,,,,,13,956,450,,,,,,,15,1002,486,,,,,,,,,,,,,,,,15,813,871,,,,,,
267,8910.1,15,55,883,,,,,,,13,955,449,,,,,,,15,1001,485,,,,,,,,,,,,,,,,15,814,872,,,,,,
268,8942.2,15,55,883,,,,,,,13,955,448,,,,,,,15,1001,485,,,,,,,,,,,,,,,,15,814,872,,,,,,
269,8977.8,15,55,883,,,,,,,13,954,447,,,,,,,15,1000,483,,,,,,,,,,,,,,,,15,814,872,,,,,,
270,9010.1,15,55,883,,,,,,,13,954,446,,,,,,,15,1000,482,,,,,,,,,,,,,,,,15,813,871,,,,,,
271,9042.3,15,55,883,,,,,,,13,954,445,,,,,,,15,999,482,,,,,,,,,,,,,,,,15,813,871,,,,,,
272,9077.8,15,55,883,,,,,,,13,953,444,,,,,,,15,999,480,,,,,,,,,,,,,,,,15,814,871,,,,,,
273,9110.1,15,55,883,,,,,,,13,953,443,,,,,,,15,999,479,,,,,,,,,,,,,,,,15,813,871,,,,,,
274,9142.9,15,55,883,,,,,,,13,952,442,,,,,,,15,998,478,,,,,,,,,,,,,,,,15,813,871,,,,,,
275,9178.2,15,55,883,,,,,,,13,951,442,,,,,,,15,997,477,,,,,,,,,,,,,,,,15,813,871,,,,,,
276,9212.2,15,55,883,,,,,,,13,951,441,,,,,,,15,997,476,,,,,,,,,,,,,,,,15,813,871,,,,,,
277,9242.5,15,55,883,,,,,,,13,951,440,,,,,,,15,997,476,,,,,,,,,,,,,,,,15,814,872,,,,,,
278,9279.4,15,55,883,,,,,,,13,950,440,,,,,,,15,996,474,,,,,,,,,,,,,,,,15,813,872,,,,,,
279,9310.0,15,55,883,,,,,,,13,950,439,,,,,,,15,996,474,,,,,,,,,,,,,,,,15,813,871,,,,,,
280,9346.4,15,55,883,,,,,,,13,950,438,,,,,,,14,996,472,,,,,,,,,,,,,,,,15,814,872,,,,,,
281,9378.5,15,55,883,,,,,,,13,949,437,,,,,,,15,995,471,,,,,,,,,,,,,,,,15,813,871,,,,,,
282,9410.1,15,55,883,,,,,,,13,949,436,,,,,,,15,995,470,,,,,,,,,,,,,,,,15,813,871,,,,,,
283,9442.4,15,55,883,,,,,,,13,948,436,,,,,,,15,994,470,,,,,,,,,,,,,,,,15,814,872,,,,,,
284,9479.4,15,55,883,,,,,,,13,948,434,,,,,,,15,994,469,,,,,,,,,,,,,,,,15,813,871,,,,,,
285,9510.0,15,55,883,,,,,,,13,947,433,,,,,,,15,993,468,,,,,,,,,,,,,,,,15,814,872,,,,,,
286,9542.3,15,55,883,,,,,,,13,947,433,,,,,,,15,993,466,,,,,,,,,,,,,,,,15,813,871,,,,,,
287,9578.0,15,55,883,,,,,,,13,946,431,,,,,,,15,992,466,,,,,,,,,,,,,,,,15,813,871,,,,,,
288,9610.9,15,55,883,,,,,,,13,946,431,,,,,,,15,991,465,,,,,,,,,,,,,,,,15,813,871,,,,,,
289,9642.4,15,55,883,,,,,,,13,945,430,,,,,,,15,991,463,,,,,,,,,,,,,,,,15,814,871,,,,,,
290,9678.3,15,55,883,,,,,,,13,945,429,,,,,,,14,990,462,,,,,,,,,,,,,,,,15,814,871,,,,,,
291,9710.4,15,55,883,,,,,,,13,944,428,,,,,,,15,990,461,,,,,,,,,,,,,,,,15,813,871,,,,,,
292,9742.2,15,55,883,,,,,,,13,944,427,,,,,,,14,990,460,,,,,,,,,,,,,,,,15,814,871,,,,,,
293,9778.4,15,55,883,,,,,,,13,943,426,,,,,,,14,989,459,,,,,,,,,,,,,,,,15,813,871,,,,,,
294,9810.1,15,55,883,,,,,,,13,943,425,,,,,,,14,989,458,,,,,,,,,,,,,,,,15,813,871,,,,,,
295,9842.2,15,55,883,,,,,,,13,942,424,,,,,,,15,988,457,,,,,,,,,,,,,,,,15,813,872,,,,,,
296,9877.9,15,55,883,,,,,,,13,942,423,,,,,,,15,987,456,,,,,,,,,,,,,,,,15,813,871,,,,,,
297,9910.0,15,55,883,,,,,,,13,941,422,,,,,,,15,987,454,,,,,,,,,,,,,,,,15,813,871,,,,,,
298,9942.3,15,55,883,,,,,,,13,941,420,,,,,,,15,986,453,,,,,,,,,,,,,,,,15,813,871,,,,,,
299,9978.1,15,55,884,,,,,,,13,940,419,,,,,,,15,985,451,,,,,,,,,,,,,,,,15,814,871,,,,,,
300,10010.0,15,55,883,,,,,,,13,939,418,,,,,,,14,985,450,,,,,,,,,,,,,,,,15,813,871,,,,,,
301,10042.5,15,55,883,,,,,,,13,939,417,,,,,,,15,984,449,,,,,,,,,,,,,,,,15,814,871,,,,,,
302,10077.9,15,55,883,,,,,,,13,938,416,,,,,,,15,983,448,,,,,,,,,,,,,,,,15,813,871,,,,,,
303,10110.2,15,55,883,,,,,,,13,937,415,,,,,,,14,983,447,,,,,,,,,,,,,,,,15,813,871,,,,,,
304,10142.3,15,55,884,,,,,,,13,937,415,,,,,,,15,982,446,,,,,,,,,,,,,,,,15,813,871,,,,,,
305,10178.1,15,55,883,,,,,,,13,936,413,,,,,,,15,982,444,,,,,,,,,,,,,,,,15,813,871,,,,,,
306,10212.6,15,55,884,,,,,,,13,936,412,,,,,,,15,981,444,,,,,,,,,,,,,,,,15,813,871,,,,,,
307,10242.1,15,55,884,,,,,,,13,935,411,,,,,,,15,981,443,,,,,,,,,,,,,,,,15,814,871,,,,,,
308,10278.0,15,55,883,,,,,,,13,935,410,,,,,,,15,980,442,,,,,,,,,,,,,,,,15,814,871,,,,,,
309,10310.1,15,55,883,,,,,,,13,934,409,,,,,,,15,980,441,,,,,,,,,,,,,,,,15,814,871,,,,,,
310,10342.4,15,55,883,,,,,,,13,934,409,,,,,,,15,979,439,,,,,,,,,,,,,,,,15,813,871,,,,,,
311,10377.9,15,55,883,,,,,,,13,933,408,,,,,,,15,979,438,,,,,,,,,,,,,,,,15,813,871,,,,,,
312,10410.0,15,55,883,,,,,,,13,933,407,,,,,,,14,978,438,,,,,,,,,,,,,,,,15,813,871,,,,,,
313,10442.8,15,55,883,,,,,,,13,932,406,,,,,,,14,978,436,,,,,,,,,,,,,,,,15,813,872,,,,,,
314,10478.2,15,55,883,,,,,,,13,932,405,,,,,,,14,977,436,,,,,,,,,,,,,,,,15,814,872,,,,,,
315,10510.0,15,55,883,,,,,,,13,931,404,,,,,,,14,977,435,,,,,,,,,,,,,,,,15,813,871,,,,,,
316,10542.6,15,55,883,,,,,,,13,931,404,,,,,,,15,976,434,,,,,,,,,,,,,,,,15,813,871,,,,,,
317,10578.2,15,55,883,,,,,,,13,930,402,,,,,,,14,976,433,,,,,,,,,,,,,,,,15,813,871,,,,,,
318,10617.4,15,55,883,,,,,,,13,930,401,,,,,,,15,975,432,,,,,,,,,,,,,,,,15,814,871,,,,,,
319,10648.0,15,55,883,,,,,,,13,929,401,,,,,,,15,975,431,,,,,,,,,,,,,,,,15,814,871,,,,,,
320,10678.3,15,55,883,,,,,,,13,929,400,,,,,,,15,974,430,,,,,,,,,,,,,,,,15,813,871,,,,,,
321,10710.1,15,55,884,,,,,,,13,928,399,,,,,,,15,974,429,,,,,,,,,,,,,,,,15,813,871,,,,,,
322,10742.6,15,55,883,,,,,,,13,928,398,,,,,,,14,973,429,,,,,,,,,,,,,,,,15,813,871,,,,,,
323,10777.9,15,55,883,,,,,,,13,927,398,,,,,,,15,972,427,,,,,,,,,,,,,,,,15,813,872,,,,,,
324,10810.5,15,55,883,,,,,,,13,927,396,,,,,,,14,972,426,,,,,,,,,,,,,,,,15,814,871,,,,,,
325,10842.5,15,55,883,,,,,,,13,926,396,,,,,,,14,971,425,,,,,,,,,,,,,,,,15,814,871,,,,,,
326,10878.4,15,55,883,,,,,,,13,926,395,,,,,,,14,971,424,,,,,,,,,,,,,,,,15,814,871,,,,,,
327,10910.4,15,55,883,,,,,,,13,925,393,,,,,,,15,971,422,,,,,,,,,,,,,,,,15,813,871,,,,,,
328,10942.5,15,55,883,,,,,,,13,924,392,,,,,,,15,970,422,,,,,,,,,,,,,,,,15,813,871,,,,,,
329,10978.9,15,55,884,,,,,,,13,924,392,,,,,,,15,969,421,,,,,,,,,,,,,,,,15,813,872,,,,,,
330,11010.4,15,55,884,,,,,,,13,923,391,,,,,,,15,969,419,,,,,,,,,,,,,,,,15,813,872,,,,,,
331,11042.1,15,55,883,,,,,,,13,923,390,,,,,,,15,968,419,,,,,,,,,,,,,,,,15,813,871,,,,,,
332,11078.9,15,55,884,,,,,,,13,922,389,,,,,,,14,967,418,,,,,,,,,,,,,,,,15,814,872,,,,,,
333,11113.1,15,55,883,,,,,,,13,922,388,,,,,,,14,967,417,,,,,,,,,,,,,,,,15,813,871,,,,,,
334,11143.7,15,55,883,,,,,,,13,921,387,,,,,,,14,966,415,,,,,,,,,,,,,,,,15,813,871,,,,,,
335,11184.2,15,55,883,,,,,,,13,921,386,,,,,,,15,966,415,,,,,,,,,,,,,,,,15,813,871,,,,,,
336,11210.5,15,55,883,,,,,,,13,920,385,,,,,,,14,965,413,,,,,,,,,,,,,,,,15,813,871,,,,,,
337,11242.5,15,55,883,,,,,,,13,919,384,,,,,,,15,965,412,,,,,,,,,,,,,,,,15,814,871,,,,,,
338,11277.8,15,55,883,,,,,,,13,919,383,,,,,,,15,964,411,,,,,,,,,,,,,,,,15,814,871,,,,,,
339,11310.0,15,55,883,,,,,,,13,918,382,,,,,,,15,963,410,,,,,,,,,,,,,,,,15,814,871,,,,,,
340,11342.3,15,55,883,,,,,,,13,917,381,,,,,,,15,963,409,,,,,,,,,,,,,,,,15,813,871,,,,,,
341,11378.1,15,55,883,,,,,,,13,916,379,,,,,,,14,961,407,,,,,,,,,,,,,,,,15,813,871,,,,,,
342,11409.9,15,55,883,,,,,,,13,916,378,,,,,,,14,960,405,,,,,,,,,,,,,,,,15,814,871,,,,,,
343,11442.2,15,55,883,,,,,,,13,915,377,,,,,,,14,960,404,,,,,,,,,,,,,,,,15,814,871,,,,,,
344,11478.0,15,55,883,,,,,,,13,914,376,,,,,,,14,959,403,,,,,,,,,,,,,,,,15,813,871,,,,,,
345,11510.1,15,55,883,,,,,,,13,914,375,,,,,,,14,959,401,,,,,,,,,,,,,,,,15,814,871,,,,,,
346,11548.3,15,55,883,,,,,,,13,913,374,,,,,,,14,958,401,,,,,,,,,,,,,,,,15,814,871,,,,,,
347,11578.1,15,55,883,,,,,,,13,913,374,,,,,,,15,958,401,,,,,,,,,,,,,,,,15,813,871,,,,,,
348,11611.1,15,55,883,,,,,,,13,913,373,,,,,,,15,958,399,,,,,,,,,,,,,,,,15,814,871,,,,,,
349,11648.0,15,55,883,,,,,,,13,912,373,,,,,,,15,957,399,,,,,,,,,,,,,,,,15,813,872,,,,,,
350,11678.3,15,55,883,,,,,,,13,912,372,,,,,,,15,957,398,,,,,,,,,,,,,,,,15,813,872,,,,,,
351,11710.1,15,55,883,,,,,,,13,909,372,,,,,,,15,957,396,,,,,,,,,,,,,,,,15,813,871,,,,,,
352,11742.3,15,55,883,,,,,,,13,905,373,,,,,,,15,956,396,,,,,,,,,,,,,,,,15,814,871,,,,,,
353,11777.8,15,55,883,,,,,,,13,899,376,,,,,,,14,955,395,,,,,,,,,,,,,,,,15,813,871,,,,,,
354,11810.2,15,55,883,,,,,,,13,892,379,,,,,,,14,955,396,,,,,,,,,,,,,,,,15,814,871,,,,,,
355,11842.5,15,54,883,,,,,,,13,884,383,,,,,,,14,955,395,,,,,,,,,,,,,,,,15,814,871,,,,,,
356,11878.2,15,55,883,,,,,,,13,874,387,,,,,,,15,954,394,,,,,,,,,,,,,,,,15,813,871,,,,,,
357,11910.3,15,55,883,,,,,,,13,863,392,,,,,,,14,954,393,,,,,,,,,,,,,,,,15,813,872,,,,,,
358,11943.0,15,55,883,,,,,,,13,851,399,,,,,,,14,953,393,,,,,,,,,,,,,,,,15,813,872,,,,,,
359,11977.9,15,55,883,,,,,,,13,838,405,,,,,,,14,953,393,,,,,,,,,,,,,,,,15,813,871,,,,,,
360,12010.3,15,55,883,,,,,,,13,824,413,,,,,,,14,954,393,,,,,,,,,,,,,,,,15,813,871,,,,,,
361,12042.6,15,55,884,,,,,,,13,808,421,,,,,,,14,953,392,,,,,,,,,,,,,,,,15,813,872,,,,,,
362,12077.8,15,55,883,,,,,,,13,792,430,,,,,,,14,954,393,,,,,,,,,,,,,,,,15,813,872,,,,,,
363,12110.3,15,55,883,,,,,,,12,775,439,,,,,,,14,954,393,,,,,,,,,,,,,,,,15,813,871,,,,,,
364,12142.4,15,55,883,,,,,,,12,758,448,,,,,,,14,953,393,,,,,,,,,,,,,,,,15,814,872,,,,,,
365,12177.9,15,55,883,,,,,,,12,739,459,,,,,,,14,953,393,,,,,,,,,,,,,,,,15,814,872,,,,,,
366,12210.3,15,55,884,,,,,,,12,720,469,,,,,,,14,953,393,,,,,,,,,,,,,,,,15,813,872,,,,,,
367,12242.1,15,55,883,,,,,,,12,701,479,,,,,,,14,953,393,,,,,,,,,,,,,,,,15,814,872,,,,,,
368,12278.3,15,55,883,,,,,,,12,681,490,,,,,,,14,954,393,,,,,,,,,,,,,,,,15,814,871,,,,,,
369,12310.0,15,55,883,,,,,,,12,660,501,,,,,,,14,953,393,,,,,,,,,,,,,,,,15,814,872,,,,,,
370,12344.7,15,55,884,,,,,,,12,639,513,,,,,,,14,953,393,,,,,,,,,,,,,,,,15,813,871,,,,,,
371,12378.0,15,55,883,,,,,,,12,618,524,,,,,,,14,954,393,,,,,,,,,,,,,,,,15,813,871,,,,,,
372,12410.3,15,55,883,,,,,,,12,596,536,,,,,,,14,954,393,,,,,,,,,,,,,,,,15,813,871,,,,,,
373,12443.7,15,55,883,,,,,,,12,574,548,,,,,,,14,953,393,,,,,,,,,,,,,,,,15,813,871,,,,,,
374,12480.1,15,55,883,,,,,,,12,551,560,,,,,,,14,953,393,,,,,,,,,,,,,,,,15,814,872,,,,,,
375,12511.3,15,55,883,,,,,,,12,528,574,,,,,,,14,954,393,,,,,,,,,,,,,,,,15,814,872,,,,,,
376,12542.2,15,55,883,,,,,,,12,503,587,,,,,,,14,954,393,,,,,,,,,,,,,,,,15,814,872,,,,,,
377,12580.0,15,55,883,,,,,,,12,478,600,,,,,,,14,953,392,,,,,,,,,,,,,,,,15,814,872,,,,,,
378,12610.5,15,55,883,,,,,,,12,453,614,,,,,,,14,953,393,,,,,,,,,,,,,,,,15,813,872,,,,,,
379,12647.5,15,55,883,,,,,,,12,427,628,,,,,,,14,954,393,,,,,,,,,,,,,,,,15,814,872,,,,,,
380,12684.1,15,55,883,,,,,,,12,400,643,,,,,,,14,953,393,,,,,,,,,,,,,,,,15,813,871,,,,,,
381,12709.9,15,55,883,,,,,,,12,373,658,,,,,,,14,953,393,,,,,,,,,,,,,,,,15,813,871,,,,,,
382,12742.2,15,55,883,,,,,,,12,345,673,,,,,,,14,953,392,,,,,,,,,,,,,,,,15,813,871,,,,,,
383,12778.0,15,55,883,,,,,,,12,317,689,,,,,,,14,953,393,,,,,,,,,,,,,,,,15,813,871,,,,,,
384,12809.9,15,55,883,,,,,,,12,288,705,,,,,,,14,953,393,,,,,,,,,,,,,,,,15,813,871,,,,,,
385,12843.3,15,55,883,,,,,,,13,259,721,,,,,,,14,953,392,,,,,,,,,,,,,,,,15,813,872,,,,,,
386,12885.0,15,55,883,,,,,,,12,229,738,,,,,,,14,953,392,,,,,,,,,,,,,,,,15,814,871,,,,,,
387,12910.9,15,55,883,,,,,,,12,198,754,,,,,,,14,953,392,,,,,,,,,,,,,,,,15,814,871,,,,,,
388,12942.4,15,55,883,,,,,,,12,168,771,,,,,,,14,953,392,,,,,,,,,,,,,,,,15,813,871,,,,,,
389,12984.0,15,54,883,,,,,,,12,137,788,,,,,,,14,953,391,,,,,,,,,,,,,,,,15,813,871,,,,,,
390,13010.7,15,54,883,,,,,,,12,108,802,,,,,,,14,953,391,,,,,,,,,,,,,,,,15,813,870,,,,,,
391,13044.0,15,54,883,,,,,,,13,90,807,,,,,,,14,953,391,,,,,,,,,,,,,,,,15,813,870,,,,,,
392,13078.1,15,54,883,,,,,,,12,79,810,,,,,,,14,953,391,,,,,,,,,,,,,,,,15,813,870,,,,,,
393,13110.4,15,54,883,,,,,,,13,77,811,,,,,,,14,953,392,,,,,,,,,,,,,,,,15,813,870,,,,,,
394,13142.5,15,54,883,,,,,,,13,77,811,,,,,,,14,952,391,,,,,,,,,,,,,,,,15,813,870,,,,,,
395,13178.1,15,54,883,,,,,,,13,77,811,,,,,,,14,953,392,,,,,,,,,,,,,,,,15,813,871,,,,,,
396,13209.9,15,54,883,,,,,,,13,77,811,,,,,,,14,953,392,,,,,,,,,,,,,,,,15,813,870,,,,,,
397,13244.0,15,54,883,,,,,,,13,77,811,,,,,,,14,953,392,,,,,,,,,,,,,,,,15,813,870,,,,,,
398,13280.1,15,54,883,,,,,,,13,77,811,,,,,,,14,953,392,,,,,,,,,,,,,,,,15,813,871,,,,,,
399,13310.2,15,54,882,,,,,,,13,77,810,,,,,,,14,953,392,,,,,,,,,,,,,,,,15,813,870,,,,,,
400,13342.7,15,54,883,,,,,,,13,77,811,,,,,,,14,953,391,,,,,,,,,,,,,,,,15,813,871,,,,,,
401,13377.8,15,54,883,,,,,,,13,77,811,,,,,,,14,953,392,,,,,,,,,,,,,,,,15,813,871,,,,,,
402,13412.1,15,54,883,,,,,,,12,77,811,,,,,,,14,953,391,,,,,,,,,,,,,,,,15,813,871,,,,,,
403,13442.4,15,54,883,,,,,,,13,77,811,,,,,,,14,953,392,,,,,,,,,,,,,,,,15,813,871,,,,,,
404,13477.9,15,54,883,,,,,,,13,77,811,,,,,,,14,953,391,,,,,,,,,,,,,,,,15,813,871,,,,,,
405,13510.3,15,54,883,,,,,,,13,77,811,,,,,,,14,953,391,,,,,,,,,,,,,,,,15,813,871,,,,,,
406,13544.0,15,54,883,,,,,,,13,77,811,,,,,,,14,953,392,,,,,,,,,,,,,,,,15,813,871,,,,,,
407,13577.8,15,54,883,,,,,,,13,77,811,,,,,,,14,953,392,,,,,,,,,,,,,,,,15,813,871,,,,,,
408,13610.0,15,54,883,,,,,,,13,77,811,,,,,,,14,953,392,,,,,,,9,12,746,,,,,,,15,813,871,,,,,,
409,13643.0,15,54,883,,,,,,,13,77,811,,,,,,,14,953,392,,,,,,,,,,,,,,,,15,813,871,,,,,,
410,13677.9,15,54,883,,,,,,,13,77,811,,,,,,,14,953,393,,,,,,,15,22,755,,,,,,,15,813,871,,,,,,
411,13712.7,15,54,883,,,,,,,13,77,811,,,,,,,14,954,394,,,,,,,6,6,759,,,,,,,15,813,872,,,,,,
412,13742.2,15,54,883,,,,,,,13,77,811,,,,,,,14,954,395,,,,,,,10,36,762,,,,,,,15,813,872,,,,,,
413,13778.0,15,54,883,,,,,,,13,77,811,,,,,,,14,955,396,,,,,,,8,9,760,,,,,,,15,813,872,,,,,,
414,13810.1,15,54,883,,,,,,,13,73,808,,,,,,,14,955,395,,,,,,,14,36,759,,,,,,,15,813,871,,,,,,
415,13842.2,15,54,883,,,,,,,13,66,801,,,,,,,14,955,396,,,,,,,22,21,755,,,,,,,15,813,872,,,,,,
416,13878.5,15,54,882,,,,,,,13,56,789,,,,,,,14,955,396,,,,,,,6,26,752,,,,,,,15,814,871,,,,,,
417,13909.9,15,54,882,,,,,,,14,40,772,,,,,,,15,957,397,,,,,,,10,9,744,,,,,,,15,813,871,,,,,,
418,13942.4,15,53,883,,,,,,,14,17,757,,,,,,,14,959,403,,,,,,,,,,,,,,,,15,812,872,,,,,,
419,13977.7,15,53,883,,,,,,,7,1,735,,,,,,,15,964,414,,,,,,,,,,,,,,,,15,812,871,,,,,,
420,14010.6,15,53,882,,,,,,,,,,,,,,,,14,969,425,,,,,,,,,,,,,,,,15,812,871,,,,,,
421,14042.3,15,52,883,,,,,,,,,,,,,,,,15,975,436,,,,,,,,,,,,,,,,15,811,872,,,,,,
422,14077.8,15,52,882,,,,,,,,,,,,,,,,15,980,447,,,,,,,,,,,,,,,,15,810,871,,,,,,
423,14110.3,15,52,882,,,,,,,,,,,,,,,,14,986,458,,,,,,,,,,,,,,,,14,811,871,,,,,,
424,14142.7,15,52,882,,,,,,,,,,,,,,,,15,991,468,,,,,,,,,,,,,,,,15,811,871,,,,,,
425,14178.2,15,52,882,,,,,,,,,,,,,,,,14,996,480,,,,,,,,,,,,,,,,15,810,871,,,,,,
426,14210.4,15,52,882,,,,,,,,,,,,,,,,15,1002,494,,,,,,,,,,,,,,,,15,810,871,,,,,,
427,14242.2,15,53,882,,,,,,,,,,,,,,,,15,1010,510,,,,,,,,,,,,,,,,15,810,871,,,,,,
428,14278.2,15,53,882,,,,,,,,,,,,,,,,15,1018,529,,,,,,,,,,,,,,,,15,811,871,,,,,,
429,14309.9,15,52,882,,,,,,,,,,,,,,,,15,1024,546,,,,,,,,,,,,,,,,15,810,871,,,,,,
430,14342.3,15,52,882,,,,,,,,,,,,,,,,15,1031,564,,,,,,,,,,,,,,,,15,810,871,,,,,,
